{
  "config": {
    "adapter_residual_before_ln": false,
    "attention_type": null,
    "invertible_adapter": null,
    "leave_out": [],
    "ln_after": false,
    "ln_before": false,
    "mh_adapter": false,
    "new_attention_norm": null,
    "non_linearity": "gelu",
    "original_ln_after": true,
    "original_ln_before": true,
    "output_adapter": true,
    "reduction_factor": 2,
    "residual_before_ln": true
  },
  "config_id": "d345095bcb01e325",
  "hidden_size": 768,
  "model_class": "BertForMaskedLM",
  "model_name": "bert-base-multilingual-cased",
  "model_type": "bert",
  "name": "tr",
  "type": "text_lang"
}